use QL5_HoSoUngTuyenABC --------------------------Doanh nghiệp----------------------
insert into dbo.DoanhNghiep values ('DN001', N'CÔNG TY CP LỌC HÓA DẦU BÌNH SƠN', '4300378569', N'Trần Văn Quản', N'208 Hùng Vương, phường Trần Phú, thành phố Quảng Ngãi, tỉnh Quảng Ngãi', 'info@brc.com.vn')
insert into dbo.DoanhNghiep values ('DN002', N'TẬP ĐOÀN XĂNG DẦU VIỆT NAM', '0100107370', N'Phan Thế Tuấn', N'1 Khâm Thiên - Phường Khâm Thiên - Quận Đống Đa - TP. Hà Nội', 'banbientapweb@petrolimex.com.vn')
insert into dbo.DoanhNghiep values ('DN003', N'TẬP ĐOÀN DẦU KHÍ VIỆT NAM', '0100681592', N'Nguyễn Hữu Tùng Dương', N'18 Láng Hạ - Phường Thành Công - Quận Ba Ðình - TP. Hà Nôi', 'petrovietnam@pvn.vn')
insert into dbo.DoanhNghiep values ('DN004', N'CÔNG TY TNHH SAMSUNG ELECTRONICS VIỆT NAM THÁI NGUYÊN', '4601124536', N'Đinh Doãn Việt', N'KCN Yên Bình - Phường Đồng Tiến - Thị xã Phổ Yên - Tỉnh Thái Nguyên', 'samsungofficalvietnam@gmail.com')
insert into dbo.DoanhNghiep values ('DN005', N'TẬP ĐOÀN CÔNG NGHIỆP - VIỄN THÔNG QUÂN ĐỘI', '0100109106', N'Kim Ngọc Phương', N'Lô D26 Khu đô thị mới Cầu Giấy - Phường Yên Hoà - Quận Cầu Giấy - TP. Hà Nội', 'gopy@viettel.com.vn')
insert into dbo.DoanhNghiep values ('DN006', N'NGÂN HÀNG NÔNG NGHIỆP VÀ PHÁT TRIỂN NÔNG THÔN VIỆT NAM', '0100686174', N'Trần Minh Duyên', N'Số 2 Láng Hạ - Phường Thành Công - Quận Ba Đình - TP. Hà Nội', 'agribank@gmail.com.vn')
insert into dbo.DoanhNghiep values ('DN007', N'TẬP ĐOÀN CÔNG NGHIỆP THAN - KHOÁNG SẢN VIỆT NAM', '5700100256', N'Mai Văn Sang', N'226 Lê Duẩn - Phường Trung Phụng - Quận Đống Đa - TP. Hà Nội', 'info@vinacomin.vn')
insert into dbo.DoanhNghiep values ('DN008', N'CÔNG TY CP TẬP ĐOÀN HÒA PHÁT', '0900189284', N'Dương Nguyễn Hoàng Ân', N'KCN Phố Nối A - Xã Giai Phạm - Huyện Yên Mỹ - Tỉnh Hưng Yên', '	prm@hoaphat.com.vn')
insert into dbo.DoanhNghiep values ('DN009', N'NGÂN HÀNG TMCP ĐẦU TƯ VÀ PHÁT TRIỂN VIỆT NAM', '0100150619', N'Dương Văn Đức', N'Tháp BIDV, số 35 Hàng Vôi - Phường Lý Thái Tổ - Quận Hoàn Kiếm - TP. Hà Nội', 'info@bidv.com.vn')
insert into dbo.DoanhNghiep values ('DN010', N'TẬP ĐOÀN VINGROUP - CTCP', '0101245486', N'Hoàng Thị Tuyết Nhung', N'Số 7, Đường Bằng Lăng 1, KĐT Sinh Thái Vinhome Riverside - Phường Việt Hưng - Quận Long Biên - TP. Hà Nội', 'info@vingroup.net')
insert into dbo.DoanhNghiep values ('DN011', N'CÔNG TY CP ĐẦU TƯ THẾ GIỚI DI ĐỘNG', '0306731335', N'Trần Minh Duyên', N'Lô T2-1.2 đường D1, Khu Công Nghệ Cao, Phường Tân Phú, Quận 9, TP.HCM', 'investor@thegioididong.com')
insert into dbo.DoanhNghiep values ('DN012', N'NGÂN HÀNG TMCP CÔNG THƯƠNG VIỆT NAM', '0100111948', N'Nguyễn Hoàng Thế Bảo', N'108 Trần Hưng Đạo - Phường Cửa Nam - Quận Hoàn Kiếm - TP. Hà Nội', 'contact@vietinbank.vn')
insert into dbo.DoanhNghiep values ('DN013', N'NGÂN HÀNG TMCP NGOẠI THƯƠNG VIỆT NAM', '0100112437', N'Lê Bùi Dĩ Hòa', N'198 Trần Quang Khải - Phường Lý Thái Tổ - Quận Hoàn Kiếm - TP. Hà Nội', 'contact@vietcombank.vn')
insert into dbo.DoanhNghiep values ('DN014', N'TỔNG CÔNG TY DẦU VIỆT NAM - PVOIL', '0305795054', N'Đinh Duy Lâm', N'Tầng 14 - 17 - PetroVietnam Tower - Số 1 - 5 Lê Duẩn - Phường Bến Nghé - Quận 1 - TP. Hồ Chí Minh', 'contact@pvoil.com.vn')
insert into dbo.DoanhNghiep values ('DN015', N'TỔNG CÔNG TY KHÍ VIỆT NAM - CTCP', '3500102710', N'Lê Quốc Khanh', N'Tòa nhà PVGas Tower - 673 Nguyễn Hữu Thọ - Xã Phước Kiến - Huyện Nhà Bè - TP. Hồ Chí Minh', 'pvgas@pvgas.com.vn')
insert into dbo.DoanhNghiep values ('DN016', N'CÔNG TY CP CHĂN NUÔI C.P. VIỆT NAM', '3600224423', N'Trần Vũ Thị Thanh', N'Số 2 đường 2A - KCN Biên Hòa II - Phường Long Bình Tân - TP. Biên Hòa - Tỉnh Đồng Nai', 'cpvina@cp.com.vn')
insert into dbo.DoanhNghiep values ('DN017', N'NGÂN HÀNG TMCP VIỆT NAM THỊNH VƯỢNG', '0100233583', N'Nguyễn Đắc Đức', N'Số 89 Láng Hạ - Phường Láng Hạ - Quận Đống Đa - TP. Hà Nội', 'customercare@vpb.com.vn')
insert into dbo.DoanhNghiep values ('DN018', N'CÔNG TY CP TẬP ĐOÀN VÀNG BẠC ĐÁ QUÝ DOJI', '0100365621', N'Nguyễn Vũ Bảo Trâm', N'5 Lê Duẩn - Phường Điện Biên - Quận Ba Đình - TP. Hà Nội', 'info@doji.vn')
insert into dbo.DoanhNghiep values ('DN019', N'CÔNG TY CP TẬP ĐOÀN MASAN', '0303576603', N'Võ Thị Yến Nhi', N'Lầu 18, Masan Tower, 23 Lê Duẩn, Phường Bến Nghé, Quận 1, Tp. Hồ Chí Minh, Việt Nam', 'investorrelation@masangroup.com')
insert into dbo.DoanhNghiep values ('DN020', N'NGÂN HÀNG TMCP QUÂN ĐỘI', '0100283873', N'Lê Thị Mẫn', N'Tòa nhà MB, Số 18 Lê Văn Lương - Phường Trung Hòa - Quận Cầu Giấy - TP. Hà Nội', 'info@mbbank.com.vn')
insert into dbo.DoanhNghiep values ('DN021', N'CÔNG TY CP SỮA VIỆT NAM', '0300588569', N'Võ Thị Tường Vi', N'Số 10 Tân Trào - Phường Tân Phú - Quận 7 - TP. Hồ Chí Minh', 'vinamilk@vinamilk.com.vn')
insert into dbo.DoanhNghiep values ('DN022', N'NGÂN HÀNG TMCP KỸ THƯƠNG VIỆT NAM', '0100230800', N'Đoàn Hoàng Gia', N'Tòa tháp Techcombank, Số 191 Bà Triệu - Phường Lê Đại Hành - Quận Hai Bà Trưng - TP. Hà Nội', 'ho@techcombank.com.vn')
insert into dbo.DoanhNghiep values ('DN023', N'TẬP ĐOÀN BƯU CHÍNH VIỄN THÔNG VIỆT NAM', '0100684378', N'Trần Văn Quản', N'Tòa nhà VNPT, Số 57 Huỳnh Thúc Kháng - Phường Láng Hạ - Quận Đống Đa - TP. Hà Nội', 'vanphong@vnpt.vn')
insert into dbo.DoanhNghiep values ('DN024', N'CÔNG TY CP TẬP ĐOÀN THÀNH CÔNG', '0100831174', N'Võ Thị Tường Vi', N'CN1 - KCN Nguyên Khê - Xã Nguyên Khê - Huyện Đông Anh - TP. Hà Nội', 'service@thanhcong.com.vn')
insert into dbo.DoanhNghiep values ('DN025', N'TẬP ĐOÀN BẢO VIỆT', '0100111761', N'Đàm Quốc Hòa', N'Số 72 phố Trần Hưng Đạo - Phường Trần Hưng Đạo - Quận Hoàn Kiếm - TP. Hà Nội', 'service@baoviet.com.vn')
insert into dbo.DoanhNghiep values ('DN026', N'CÔNG TY CP TẬP ĐOÀN HOA SEN', '3700381324', N'Phạm Đăng Huy', N'183 Nguyễn Văn Trỗi - Phường 10 - Quận Phú Nhuận - TP Hồ Chí Minh', 'sales@hoasengroup.vn')
insert into dbo.DoanhNghiep values ('DN027', N'NGÂN HÀNG TMCP SÀI GÒN THƯƠNG TÍN', '0301103908', N'Đặng Đức Anh', N'266-268 Nam Kỳ Khởi Nghĩa - Phường Võ Thị Sáu - Quận 3 - TP. Hồ Chí Minh', 'ask@sacombank.com')
insert into dbo.DoanhNghiep values ('DN028', N'TỔNG CÔNG TY PHÁT ĐIỆN 3 - CTCP', '3502208399', N'Phan Thị Thùy Vy', N'Số 60-66 Nguyễn Cơ Thạch, Khu đô thị Sala - Phường An Lợi Đông - Quận 2 - TP. Hồ Chí Minh', 'genco3@genco3.evn.vn')
insert into dbo.DoanhNghiep values ('DN029', N'NGÂN HÀNG TMCP Á CHÂU', '0301452948', N'Vũ Lê Hoàng', N'442 Nguyễn Thị Minh Khai - Phường 05 - Quận 3 - TP. Hồ Chí Minh', 'acb@acb.com.vn')
insert into dbo.DoanhNghiep values ('DN030', N'CÔNG TY CP FPT', '0101248141', N'Nguyễn Thị Tuyết Như', N'Tòa nhà FPT Cầu Giấy, Số 17 phố Duy Tân - Phường Dịch Vọng Hậu - Quận Cầu Giấy - TP. Hà Nội', 'ir@fpt.com.vn')
 --------------------------Nhân viên----------------------
insert into dbo.NhanVien values ('NV001', N'Ngô Việt Hoàng', '09/23/1980', '0941475235', N'Xã Xuân Thới Đông, Huyện Hóc Môn, Hồ Chí Minh', 'nvhoang@gmail.com')
insert into dbo.NhanVien values ('NV002', N'Trần Phan Xuân Hồng', '10/04/1985', '0753495059', N'Phường Bình Chiểu, Quận Thủ Đức, Hồ Chí Minh', 'tpxhong@gmail.com')
insert into dbo.NhanVien values ('NV003', N'Từ Thanh Thúy', '08/03/1992', '0542116247', N'Phường Hòa Thạnh, Quận Tân Phú, Hồ Chí Minh', 'ttthuy@gmail.com')
insert into dbo.NhanVien values ('NV004', N'Bùi Đức Cường', '11/03/1992', '0775633592', N'Phường 13, Quận 3, Hồ Chí Minh', 'bdcuong@gmail.com')
insert into dbo.NhanVien values ('NV005', N'Chu Thị Thu Hoài', '02/07/1988', '0247408161', N'Phường 17, Quận Gò Vấp, Hồ Chí Minh', 'ctthoai@gmail.com')
insert into dbo.NhanVien values ('NV006', N'Nguyễn Huỳnh Phi Yến', '07/08/1972', '0986276011', N'Phường 12, Quận 3, Hồ Chí Minh', 'nhpyen@gmail.com')
insert into dbo.NhanVien values ('NV007', N'Trần Tuấn Hoàng', '09/21/1988', '0336460210', N'Xã Phạm Văn Cội, Huyện Củ Chi, Hồ Chí Minh', 'tthoang@gmail.com')
insert into dbo.NhanVien values ('NV008', N'Bùi Hà Nguyên', '07/20/1991', '0410335661', N'Phường Phước Long A, Quận 9, Hồ Chí Minh', 'bhnguyen@gmail.com')
insert into dbo.NhanVien values ('NV009', N'Phùng Trọng Huy', '06/06/1987', '0398246803', N'Phường Bình Trưng Tây, Quận 2, Hồ Chí Minh', 'pthuy@gmail.com')
insert into dbo.NhanVien values ('NV010', N'Huỳnh Hải Đăng', '06/22/1994', '0903347443', N'Phường An Phú, Quận 2, Hồ Chí Minh', 'hhdang@gmail.com')
insert into dbo.NhanVien values ('NV011', N'Đỗ Minh Khải', '09/17/1967', '0226880039', N'Phường 12, Quận 10, Hồ Chí Minh', 'dmkhai@gmail.com')
insert into dbo.NhanVien values ('NV012', N'Trần Thị Hoàng Diễm', '02/28/1991', '0792708481', N'Xã Tam Thôn Hiệp, Huyện Cần Giờ, Hồ Chí Minh', 'tthd@gmail.com')
insert into dbo.NhanVien values ('NV013', N'Nguyễn Thanh Thủy', '03/05/1965', '0701471242', N'Xã Tam Thôn Hiệp, Huyện Cần Giờ, Hồ Chí Minh', 'ntthuy@gmail.com')
insert into dbo.NhanVien values ('NV014', N'Nguyễn Dương Hoàng Vinh', '10/14/1972', '0569522539', N'Phường 10, Quận Tân Bình, Hồ Chí Minh', 'ndhvinh@gmail.com')
insert into dbo.NhanVien values ('NV015', N'Nguyễn Huỳnh Diệu Trang', '08/07/1990', '0241015912', N'Phường Phước Long B, Quận 9, Hồ Chí Minh', 'nhdtrang@gmail.com')
insert into dbo.NhanVien values ('NV016', N'Nguyễn Bảo Hùng', '09/14/1983', '0121345741', N'Phường Hòa Thạnh, Quận Tân Phú, Hồ Chí Minh', 'nbhung@gmail.com')
insert into dbo.NhanVien values ('NV017', N'Lê Văn Việt', '02/02/1992', '0118788435', N'Phường 08, Quận Tân Bình, Hồ Chí Minh', 'lvviet@gmail.com')
insert into dbo.NhanVien values ('NV018', N'Nguyễn Nhật Long', '06/26/1972', '0744026997', N'Phường 13, Quận Gò Vấp, Hồ Chí Minh', 'nnlong@gmail.com')
insert into dbo.NhanVien values ('NV019', N'Ngô Sinh Khải', '08/06/1986', '0229822861', N'Phường 08, Quận 10, Hồ Chí Minh', 'nskhai@gmail.com')
insert into dbo.NhanVien values ('NV020', N'Đào Thị Thùy Trang', '02/21/1989', '0781353060', N'Xã Bình Hưng, Huyện Bình Chánh, Hồ Chí Minh', 'dtttrang@gmail.com')
 --------------------------Phiếu đăng ký quảng cáo----------------------
insert into dbo.PhieuDangKyQuangCao values ('PDK001', '11/06/2024', 'DN001', 'NV016')
insert into dbo.PhieuDangKyQuangCao values ('PDK002', '10/11/2025', 'DN003', 'NV015')
insert into dbo.PhieuDangKyQuangCao values ('PDK003', '05/22/2025', 'DN019', 'NV007')
insert into dbo.PhieuDangKyQuangCao values ('PDK004', '02/23/2024', 'DN018', 'NV013')
insert into dbo.PhieuDangKyQuangCao values ('PDK005', '11/29/2024', 'DN025', 'NV019')
insert into dbo.PhieuDangKyQuangCao values ('PDK006', '05/11/2024', 'DN019', 'NV016')
insert into dbo.PhieuDangKyQuangCao values ('PDK007', '11/06/2024', 'DN006', 'NV019')
insert into dbo.PhieuDangKyQuangCao values ('PDK008', '07/06/2024', 'DN025', 'NV008')
insert into dbo.PhieuDangKyQuangCao values ('PDK009', '03/05/2024', 'DN018', 'NV010')
insert into dbo.PhieuDangKyQuangCao values ('PDK010', '02/26/2024', 'DN011', 'NV006')
insert into dbo.PhieuDangKyQuangCao values ('PDK011', '07/27/2025', 'DN029', 'NV003')
insert into dbo.PhieuDangKyQuangCao values ('PDK012', '11/15/2025', 'DN030', 'NV019')
insert into dbo.PhieuDangKyQuangCao values ('PDK013', '10/28/2025', 'DN017', 'NV001')
insert into dbo.PhieuDangKyQuangCao values ('PDK014', '11/26/2024', 'DN014', 'NV019')
insert into dbo.PhieuDangKyQuangCao values ('PDK015', '09/10/2024', 'DN007', 'NV016')
insert into dbo.PhieuDangKyQuangCao values ('PDK016', '11/02/2025', 'DN005', 'NV017')
insert into dbo.PhieuDangKyQuangCao values ('PDK017', '02/08/2025', 'DN001', 'NV008')
insert into dbo.PhieuDangKyQuangCao values ('PDK018', '07/16/2025', 'DN026', 'NV014')
insert into dbo.PhieuDangKyQuangCao values ('PDK019', '04/09/2025', 'DN013', 'NV007')
insert into dbo.PhieuDangKyQuangCao values ('PDK020', '03/17/2025', 'DN021', 'NV002')
insert into dbo.PhieuDangKyQuangCao values ('PDK021', '10/14/2025', 'DN020', 'NV018')
insert into dbo.PhieuDangKyQuangCao values ('PDK022', '06/08/2024', 'DN030', 'NV014')
insert into dbo.PhieuDangKyQuangCao values ('PDK023', '03/21/2025', 'DN017', 'NV019')
insert into dbo.PhieuDangKyQuangCao values ('PDK024', '03/24/2024', 'DN009', 'NV006')
insert into dbo.PhieuDangKyQuangCao values ('PDK025', '11/21/2025', 'DN008', 'NV007')
 --------------------------Hóa đơn----------------------
insert into dbo.HoaDon values ('PDK001', 360.9, 3, 1, 'NV001')
insert into dbo.HoaDon values ('PDK001', 360.9, 3, 2, 'NV003')
insert into dbo.HoaDon values ('PDK001', 360.9, 3, 3, 'NV014')
insert into dbo.HoaDon values ('PDK004', 248.5, 1, 1, 'NV004')
insert into dbo.HoaDon values ('PDK005', 240.6, 1, 1, 'NV019')
insert into dbo.HoaDon values ('PDK006', 345.6, 2, 1, 'NV015')
insert into dbo.HoaDon values ('PDK006', 345.6, 2, 2, 'NV004')
insert into dbo.HoaDon values ('PDK008', 240.6, 1, 1, 'NV009')
insert into dbo.HoaDon values ('PDK009', 460.8, 4, 1, 'NV006')
insert into dbo.HoaDon values ('PDK009', 460.8, 4, 2, 'NV005')
insert into dbo.HoaDon values ('PDK009', 460.8, 4, 3, 'NV019')
insert into dbo.HoaDon values ('PDK009', 460.8, 4, 4, 'NV010')
insert into dbo.HoaDon values ('PDK013', 177.5, 1, 1, 'NV001')
insert into dbo.HoaDon values ('PDK014', 345.6, 1, 1, 'NV007')
insert into dbo.HoaDon values ('PDK015', 345.6, 2, 1, 'NV006')
insert into dbo.HoaDon values ('PDK015', 345.6, 2, 2, 'NV014')
insert into dbo.HoaDon values ('PDK017', 248.5, 1, 1, 'NV001')
insert into dbo.HoaDon values ('PDK018', 240.6, 1, 1, 'NV018')
insert into dbo.HoaDon values ('PDK019', 360.9, 1, 1, 'NV006')
insert into dbo.HoaDon values ('PDK021', 355, 3, 1, 'NV009')
insert into dbo.HoaDon values ('PDK021', 355, 3, 2, 'NV001')
insert into dbo.HoaDon values ('PDK021', 355, 3, 3, 'NV006')
insert into dbo.HoaDon values ('PDK023', 213, 1, 1, 'NV008')
insert into dbo.HoaDon values ('PDK024', 345.6, 2, 1, 'NV002')
insert into dbo.HoaDon values ('PDK024', 345.6, 2, 2, 'NV007')
 --------------------------Hình thức đăng tuyển----------------------
insert into dbo.HinhThucDangTuyen values ('HTDT01', N'Đăng tuyển trên báo giấy', N'Bài', 120.3)
insert into dbo.HinhThucDangTuyen values ('HTDT02', N'Đăng banner quảng cáo', N'Ngày', 35.5)
insert into dbo.HinhThucDangTuyen values ('HTDT03', N'Đăng tuyển trên các trang mạng', N'Bài', 115.2)
 --------------------------Bài đăng----------------------
insert into dbo.BaiDang values ('PDK001', 'HTDT01', N'Công ty Cổ phần Lọc Hóa Dầu Bình Sơn hiện đang tuyển dụng vị trí: Kỹ sư cơ khí. Chúng tôi tìm kiếm những ứng viên năng động, có tinh thần trách nhiệm cao và sẵn sàng làm việc trong môi trường chuyên nghiệp. Yêu cầu: tốt nghiệp đại học chuyên ngành liên quan, có ít nhất 2 năm kinh nghiệm. Chúng tôi mong đợi sự tham gia của các bạn!', '07/17/2024', N'Chưa đăng', 'NV007')
insert into dbo.BaiDang values ('PDK004', 'HTDT02', N'Công ty Cổ phần Tập đoàn Vàng Bạc Đá Quý DOJI hiện đang tuyển dụng vị trí: Nhân viên kinh doanh. Chúng tôi tìm kiếm những ứng viên nhiệt huyết, sáng tạo và có tinh thần trách nhiệm cao. Yêu cầu: tốt nghiệp đại học chuyên ngành liên quan, có ít nhất 2 năm kinh nghiệm, và kỹ năng giao tiếp tốt. Chúng tôi mong đợi sự tham gia của các bạn!', '08/21/2024', N'Chưa đăng', 'NV002')
insert into dbo.BaiDang values ('PDK005', 'HTDT01', N'Tập đoàn Bảo Việt hiện đang tuyển dụng các vị trí sau: Chuyên viên bảo hiểm, và Nhân viên chăm sóc khách hàng. Chúng tôi tìm kiếm những ứng viên tài năng, trách nhiệm và có khả năng làm việc trong môi trường áp lực cao. Yêu cầu: tốt nghiệp đại học chuyên ngành liên quan, có ít nhất 2 năm kinh nghiệm, và kỹ năng giao tiếp tốt.Chúng tôi mong đợi sự tham gia của các bạn!', '04/29/2024', N'Đã đăng', 'NV016')
insert into dbo.BaiDang values ('PDK006', 'HTDT03', N'Công ty Cổ phần Tập đoàn Masan hiện đang tuyển dụng các vị trí sau: Chuyên viên phân tích thị trường, Kỹ sư sản xuất. Chúng tôi tìm kiếm những ứng viên năng động, có tinh thần trách nhiệm cao và sẵn sàng làm việc trong môi trường chuyên nghiệp. Yêu cầu: tốt nghiệp đại học chuyên ngành liên quan, kỹ năng giao tiếp tốt. Chúng tôi mong đợi sự tham gia của các bạn!', '04/12/2024', N'Đã đăng', 'NV015')
insert into dbo.BaiDang values ('PDK008', 'HTDT01', N'Tập đoàn Bảo Việt hiện đang tìm kiếm ứng viên cho các vị trí:  Nhân viên hỗ trợ khách hàng, và Chuyên viên phát triển sản phẩm. Chúng tôi chào đón những ứng viên có năng lực, sáng tạo và sẵn sàng đối mặt với thử thách. Yêu cầu: tốt nghiệp đại học chuyên ngành liên quan, có ít nhất 1 năm kinh nghiệm, kỹ năng giao tiếp và giải quyết vấn đề tốt. Chúng tôi mong đợi sự tham gia của các bạn!', '10/01/2024', N'Chưa đăng', 'NV001')
insert into dbo.BaiDang values ('PDK009', 'HTDT03', N'Công ty Cổ phần Tập đoàn Vàng Bạc Đá Quý DOJI hiện đang tuyển dụng vị trí : Nhân viên bán hàng. Chúng tôi tìm kiếm những ứng viên tài năng, nhiệt huyết và có tinh thần trách nhiệm cao. Yêu cầu: tốt nghiệp đại học chuyên ngành liên quan, kỹ năng giao tiếp tốt. Chúng tôi mong đợi sự tham gia của các bạn!', '09/19/2024', N'Chưa đăng', 'NV006')
insert into dbo.BaiDang values ('PDK013', 'HTDT02', N'Ngân hàng TMCP Việt Nam Thịnh Vượng hiện đang tuyển dụng các vị trí sau: Nhân viên tư vấn tài chính, Chuyên viên tín dụng, và Giao dịch viên. Yêu cầu: tốt nghiệp đại học chuyên ngành liên quan, có ít nhất 1 năm kinh nghiệm và kỹ năng giao tiếp tốt.', '04/25/2024', N'Đã đăng', 'NV014')
insert into dbo.BaiDang values ('PDK014', 'HTDT03', N'Tổng Công ty Dầu Việt Nam - PVOIL hiện đang tuyển dụng vị trí: Kỹ sư hóa dầu. Yêu cầu: tốt nghiệp đại học chuyên ngành liên quan, có ít nhất 2 năm kinh nghiệm và kỹ năng giao tiếp tốt.', '10/23/2024', N'Chưa đăng', 'NV017')
insert into dbo.BaiDang values ('PDK015', 'HTDT03', N'Tập đoàn Công nghiệp Than - Khoáng sản Việt Nam hiện đang tuyển dụng vị trí: Chuyên viên an toàn lao động. Yêu cầu: tốt nghiệp đại học chuyên ngành liên quan, có ít nhất 1 năm kinh nghiệm và kỹ năng làm việc nhóm tốt.', '05/19/2024', N'Đã đăng', 'NV006')
insert into dbo.BaiDang values ('PDK017', 'HTDT02', N'Công ty Cổ phần Lọc Hóa Dầu Bình Sơn đang mở rộng đội ngũ và tuyển dụng các vị trí chủ chốt như Kỹ sư điều hành nhà máy, Chuyên viên kỹ thuật phân tích dầu. Chúng tôi mong muốn đón nhận những ứng viên năng động, có tinh thần trách nhiệm và sẵn sàng thích ứng với môi trường làm việc chuyên nghiệp.', '08/26/2024', N'Chưa đăng', 'NV009')
insert into dbo.BaiDang values ('PDK018', 'HTDT01', N'Công ty Cổ phần Tập đoàn Hoa Sen hiện đang mở rộng đội ngũ và có nhu cầu tuyển dụng các vị trí sau: Chuyên viên marketing số liệu, Kỹ sư sản xuất. Chúng tôi mong muốn chào đón những ứng viên có năng lực, nhiệt huyết và sẵn sàng tham gia vào môi trường làm việc chuyên nghiệp và năng động.', '04/11/2024', N'Đã đăng', 'NV009')
insert into dbo.BaiDang values ('PDK019', 'HTDT01', N'Ngân hàng Thương mại Cổ phần Ngoại Thương Việt Nam đang tuyển dụng các vị trí như Nhân viên phát triển kinh doanh và Kế toán viên. Chúng tôi mong muốn chào đón những ứng viên có kinh nghiệm và kỹ năng phù hợp, sẵn sàng tham gia vào môi trường làm việc chuyên nghiệp và có cơ hội phát triển nghề nghiệp.', '04/13/2024', N'Đã đăng', 'NV014')
insert into dbo.BaiDang values ('PDK021', 'HTDT02', N'Ngân hàng Thương mại Cổ phần Quân Đội đang mở rộng đội ngũ và tuyển dụng vị trí: Chuyên viên tín dụng. Chúng tôi mong muốn chào đón những ứng viên có kinh nghiệm và kỹ năng phù hợp, sẵn sàng tham gia vào môi trường làm việc chuyên nghiệp', '09/29/2024', N'Chưa đăng', 'NV016')
insert into dbo.BaiDang values ('PDK023', 'HTDT02', N'Ngân hàng TMCP Việt Nam Thịnh Vượng đang cần tuyển dụng vị trí: Nhân viên chăm sóc khách hàng. Chúng tôi chào đón những ứng viên có kinh nghiệm và kỹ năng phù hợp, sẵn sàng tham gia vào môi trường làm việc chuyên nghiệp và có cơ hội phát triển nghề nghiệp.', '09/07/2024', N'Chưa đăng', 'NV006')
insert into dbo.BaiDang values ('PDK024', 'HTDT03', N'Ngân hàng Thương mại Cổ phần Đầu Tư và Phát Triển Việt Nam đang tìm kiếm nhân sự cho vị trí Kế toán viên. Chúng tôi chào đón những ứng viên có kinh nghiệm và kỹ năng phù hợp, sẵn sàng tham gia vào môi trường làm việc chuyên nghiệp và có cơ hội phát triển nghề nghiệp.', '03/26/2024', N'Đã đăng', 'NV008')
 --------------------------Danh sách gia hạn----------------------
insert into dbo.DanhSachGiaHan values ('DS001', '07/05/2023', 'NV013')
insert into dbo.DanhSachGiaHan values ('DS002', '05/27/2024', 'NV007')
insert into dbo.DanhSachGiaHan values ('DS003', '03/18/2024', 'NV007')
insert into dbo.DanhSachGiaHan values ('DS005', '04/04/2024', 'NV011')
insert into dbo.DanhSachGiaHan values ('DS006', '05/25/2024', 'NV016')
insert into dbo.DanhSachGiaHan values ('DS007', '08/25/2023', 'NV012')
insert into dbo.DanhSachGiaHan values ('DS008', '05/05/2023', 'NV006')
 --------------------------Chi tiết gia hạn---------------------- insert into dbo.ChiTietGiaHan values ('DS002', 'PDK018', '05/30/2024', N'Không')
insert into dbo.ChiTietGiaHan values ('DS002', 'PDK014', '05/30/2024', N'Không')
insert into dbo.ChiTietGiaHan values ('DS003', 'PDK023', '03/21/2024', N'Không')
insert into dbo.ChiTietGiaHan values ('DS005', 'PDK008', '04/07/2024', N'Gấu bông ABC')
insert into dbo.ChiTietGiaHan values ('DS007', 'PDK019', '08/28/2023', N'Balo ABC')
insert into dbo.ChiTietGiaHan values ('DS007', 'PDK018', '08/28/2023', N'Không')
insert into dbo.ChiTietGiaHan values ('DS003', 'PDK015', '03/21/2024', N'Không')
insert into dbo.ChiTietGiaHan values ('DS002', 'PDK009', '05/30/2024', N'Không')
insert into dbo.ChiTietGiaHan values ('DS001', 'PDK004', '07/08/2023', N'Ly ABC')
insert into dbo.ChiTietGiaHan values ('DS007', 'PDK005', '08/28/2023', N'Không')
insert into dbo.ChiTietGiaHan values ('DS005', 'PDK021', '04/07/2024', N'Không')
insert into dbo.ChiTietGiaHan values ('DS007', 'PDK006', '08/28/2023', N'Không')
insert into dbo.ChiTietGiaHan values ('DS007', 'PDK008', '08/28/2023', N'Không')
insert into dbo.ChiTietGiaHan values ('DS002', 'PDK008', '05/30/2024', N'Balo ABC')
insert into dbo.ChiTietGiaHan values ('DS006', 'PDK019', '05/28/2024', N'Gấu bông ABC')
insert into dbo.ChiTietGiaHan values ('DS002', 'PDK021', '05/30/2024', N'Không')
insert into dbo.ChiTietGiaHan values ('DS002', 'PDK006', '05/30/2024', N'Áo ABC')
insert into dbo.ChiTietGiaHan values ('DS007', 'PDK004', '08/28/2023', N'Gấu bông ABC')
insert into dbo.ChiTietGiaHan values ('DS006', 'PDK008', '05/28/2024', N'Không')
insert into dbo.ChiTietGiaHan values ('DS001', 'PDK018', '07/08/2023', N'Không')
insert into dbo.ChiTietGiaHan values ('DS006', 'PDK009', '05/28/2024', N'Gấu bông ABC')
insert into dbo.ChiTietGiaHan values ('DS005', 'PDK013', '04/07/2024', N'Áo ABC')
insert into dbo.ChiTietGiaHan values ('DS006', 'PDK023', '05/28/2024', N'Không')
insert into dbo.ChiTietGiaHan values ('DS006', 'PDK013', '05/28/2024', N'Gấu bông ABC')
insert into dbo.ChiTietGiaHan values ('DS007', 'PDK021', '08/28/2023', N'Không')
 --------------------------Thông tin đăng tuyển----------------------
insert into dbo.ThongTinDangTuyen values ('PDK001', N'Kỹ sư cơ khí', 4, N'Có ít nhất 2 năm kinh nghiệm.')
insert into dbo.ThongTinDangTuyen values ('PDK004', N'Nhân viên kinh doanh', 3, N'Có ít nhất 2 năm kinh nghiệm, và kỹ năng giao tiếp tốt.')
insert into dbo.ThongTinDangTuyen values ('PDK005', N'Nhân viên chăm sóc khách hàng', 2, N'Có ít nhất 2 năm kinh nghiệm, và kỹ năng giao tiếp tốt.')
insert into dbo.ThongTinDangTuyen values ('PDK005', N'Chuyên viên bảo hiểm', 3, N'Có ít nhất 2 năm kinh nghiệm, và kỹ năng giao tiếp tốt.')
insert into dbo.ThongTinDangTuyen values ('PDK006', N'Chuyên viên phân tích thị trường', 2, N'Kỹ năng giao tiếp tốt.')
insert into dbo.ThongTinDangTuyen values ('PDK006', N' Kỹ sư sản xuất', 5, N'Kỹ năng giao tiếp tốt.')
insert into dbo.ThongTinDangTuyen values ('PDK008', N'Nhân viên hỗ trợ khách hàng', 4, N'Có ít nhất 1 năm kinh nghiệm, kỹ năng giao tiếp và giải quyết vấn đề tốt.')
insert into dbo.ThongTinDangTuyen values ('PDK008', N'Chuyên viên phát triển sản phẩm', 2, N'Có ít nhất 1 năm kinh nghiệm, kỹ năng giao tiếp và giải quyết vấn đề tốt.')
insert into dbo.ThongTinDangTuyen values ('PDK009', N'Nhân viên bán hàng', 4, N'Kỹ năng giao tiếp tốt.')
insert into dbo.ThongTinDangTuyen values ('PDK013', N' Chuyên viên tín dụng', 1, N'Có ít nhất 1 năm kinh nghiệm và kỹ năng giao tiếp tốt.')
insert into dbo.ThongTinDangTuyen values ('PDK013', N'Giao dịch viên', 1, N'Có ít nhất 1 năm kinh nghiệm và kỹ năng giao tiếp tốt.')
insert into dbo.ThongTinDangTuyen values ('PDK013', N'Nhân viên tư vấn tài chính', 3, N'Có ít nhất 1 năm kinh nghiệm và kỹ năng giao tiếp tốt.')
insert into dbo.ThongTinDangTuyen values ('PDK014', N'Kỹ sư hóa dầu', 3, N'Có ít nhất 2 năm kinh nghiệm và kỹ năng giao tiếp tốt.')
insert into dbo.ThongTinDangTuyen values ('PDK015', N'Chuyên viên an toàn lao động', 1, N'Có ít nhất 1 năm kinh nghiệm và kỹ năng làm việc nhóm tốt.')
insert into dbo.ThongTinDangTuyen values ('PDK017', N'Kỹ sư điều hành nhà máy', 3, N'Có ít nhất 1 năm kinh nghiệm và kỹ năng làm việc nhóm tốt.')
insert into dbo.ThongTinDangTuyen values ('PDK017', N'Chuyên viên kỹ thuật phân tích dầu', 1, N'Có ít nhất 1 năm kinh nghiệm và kỹ năng làm việc nhóm tốt.')
insert into dbo.ThongTinDangTuyen values ('PDK018', N' Chuyên viên marketing số liệu', 2, N'Có ít nhất 1 năm kinh nghiệm và kỹ năng làm việc nhóm tốt.')
insert into dbo.ThongTinDangTuyen values ('PDK018', N'Kỹ sư sản xuất', 3, N'Có ít nhất 1 năm kinh nghiệm và kỹ năng làm việc nhóm tốt.')
insert into dbo.ThongTinDangTuyen values ('PDK019', N'Kế toán viên', 1, N'Có ít nhất 1 năm kinh nghiệm và kỹ năng làm việc nhóm tốt.')
insert into dbo.ThongTinDangTuyen values ('PDK019', N'Nhân viên phát triển kinh doanh', 1, N'Có ít nhất 1 năm kinh nghiệm và kỹ năng làm việc nhóm tốt.')
insert into dbo.ThongTinDangTuyen values ('PDK021', N'Chuyên viên tín dụng', 1, N'Có ít nhất 1 năm kinh nghiệm và kỹ năng làm việc nhóm tốt.')
insert into dbo.ThongTinDangTuyen values ('PDK023', N'Nhân viên chăm sóc khách hàng', 3, N'Có ít nhất 1 năm kinh nghiệm và kỹ năng làm việc nhóm tốt.')
insert into dbo.ThongTinDangTuyen values ('PDK024', N'Kế toán viên', 2, N'Có ít nhất 1 năm kinh nghiệm và kỹ năng làm việc nhóm tốt.')
 --------------------------Thành viên----------------------
insert into dbo.ThanhVien values ('TV001', N'Vũ Thị Dinh', 1991, '0413926384', N'Phường Phước Bình, Quận 9, Hồ Chí Minh', 'thidinh1991@gmail.com')
insert into dbo.ThanhVien values ('TV002', N'Kiều Doãn Thức', 1966, '0266627706', N'Phường 13, Quận Tân Bình, Hồ Chí Minh', 'doanthuc66@gmail.com')
insert into dbo.ThanhVien values ('TV003', N'Phạm Hoàng Long', 1993, '0259887185', N'Phường Tương Mai, Quận Hoàng Mai, Hà Nội', 'phamhoanglong@gmail.com')
insert into dbo.ThanhVien values ('TV004', N'Đinh Đăng Tường', 1980, '0417861635', N'Xã An Khánh, Huyện Hoài Đức, Hà Nội', 'dangtuongtui@gmail.com')
insert into dbo.ThanhVien values ('TV005', N'Đàm Hữu Nhân', 1981, '0223114177', N'Xã Yên Sở, Huyện Hoài Đức, Hà Nội', 'huunhanthienly@gmail.com')
insert into dbo.ThanhVien values ('TV006', N'Trần Trọng Minh Sang', 1961, '0945758351', N'Phường Vĩnh Hưng, Quận Hoàng Mai, Hà Nội', 'minhsangtrong@gmail.com')
insert into dbo.ThanhVien values ('TV007', N'Phạm Danh Vương', 1999, '0674204193', N'Phường 02, Quận 3, Hồ Chí Minh', 'danhvuonggia@gmail.com')
insert into dbo.ThanhVien values ('TV008', N'Đặng Hồng Nhung', 1968, '0300255832', N'Xã Vạn Thắng, Huyện Ba Vì, Hà Nội', 'nhunghongdang@gmail.com')
insert into dbo.ThanhVien values ('TV009', N'Võ Anh Thy', 1980, '0818968985', N'Phường Phú Thạnh, Quận Tân Phú, Hồ Chí Minh', 'anhthyanhthang@gmail.com')
insert into dbo.ThanhVien values ('TV010', N'Phạm Thị Diễm Hương', 1960, '0301744300', N'Phường Hiệp Bình Chánh, Quận Thủ Đức, Hồ Chí Minh', 'diemhuong60@gmail.com')
insert into dbo.ThanhVien values ('TV011', N'Huỳnh Hải Long', 1973, '0755522044', N'Xã Phù Lưu, Huyện Ứng Hòa, Hà Nội', 'hailonghuynh@gmail.com')
insert into dbo.ThanhVien values ('TV012', N'Phùng Thiện Tâm', 1968, '0675516896', N'Phường 06, Quận 10, Hồ Chí Minh', 'thientamphung68@gmail.com')
insert into dbo.ThanhVien values ('TV013', N'Nguyễn Thị Ánh Tuyết', 1997, '0332280914', N'Xã Tam Thuấn, Huyện Phúc Thọ, Hà Nội', 'anhtuyet97@gmail.com')
insert into dbo.ThanhVien values ('TV014', N'Trần Phan Xuân Hồng', 1989, '0465287589', N'Phường Bình Trị Đông B, Quận Bình Tân, Hồ Chí Minh', 'xuanhongphantran@gmail.com')
insert into dbo.ThanhVien values ('TV015', N'Võ Thời Đại', 1962, '0751960233', N'Xã Đa Tốn, Huyện Gia Lâm, Hà Nội', 'thoidaimoi@gmail.com')
insert into dbo.ThanhVien values ('TV016', N'Trần Đắc Tài', 2004, '0731873162', N'Phường 08, Quận 5, Hồ Chí Minh', 'dactaiphatloc@gmail.com')
insert into dbo.ThanhVien values ('TV017', N'Lê Thị Kim Vinh', 1997, '0779780653', N'Xã Tân An Hội, Huyện Củ Chi, Hồ Chí Minh', 'kimvinhlethi97@gmail.com')
insert into dbo.ThanhVien values ('TV018', N'Võ Thị Tuyết Nhi', 1977, '0279417170', N'Phường Cự Khối, Quận Long Biên, Hà Nội', 'tuyetnhi77@gmail.com')
insert into dbo.ThanhVien values ('TV019', N'Lê Đức Duy', 1966, '0431042621', N'Xã Hòa Nam, Huyện Ứng Hòa, Hà Nội', 'duyduy66@gmail.com')
insert into dbo.ThanhVien values ('TV020', N'Huỳnh Hải Đăng', 1963, '0735377659', N'Phường Ngọc Thụy, Quận Long Biên, Hà Nội', 'haidang63@gmail.com')
insert into dbo.ThanhVien values ('TV021', N'Trần Thanh Hải', 2004, '0669578691', N'Xã Kim An, Huyện Thanh Oai, Hà Nội', 'thanhhaitran@gmail.com')
insert into dbo.ThanhVien values ('TV022', N'Trần Tiến Long', 1996, '0490041057', N'Phường 08, Quận 10, Hồ Chí Minh', 'tienlong96@gmail.com')
insert into dbo.ThanhVien values ('TV023', N'Kiều Doãn Thức', 1985, '0499307381', N'Xã Thạnh An, Huyện Cần Giờ, Hồ Chí Minh', 'doanthuckieukieu@gmail.com')
insert into dbo.ThanhVien values ('TV024', N'Nguyễn Thị Ánh Muội', 1966, '0654559146', N'Xã Đặng Xá, Huyện Gia Lâm, Hà Nội', 'anhmuoinguyen@gmail.com')
insert into dbo.ThanhVien values ('TV025', N'Lại Thị Ngọc', 1998, '0685565820', N'Xã Kim Chung, Huyện Đông Anh, Hà Nội', 'laithingoc98@gmail.com')
insert into dbo.ThanhVien values ('TV026', N'Nguyễn Thị Út Quyên', 1960, '0518408844', N'Phường 07, Quận Phú Nhuận, Hồ Chí Minh', 'utquyencute@gmail.com')
insert into dbo.ThanhVien values ('TV027', N'Trần Bình Trọng', 1997, '0100671090', N'Phường Tứ Liên, Quận Tây Hồ, Hà Nội', 'trantrongbinh@gmail.com')
insert into dbo.ThanhVien values ('TV028', N'Phùng Ngọc Điệp', 1986, '0306248995', N'Xã Cổ Bi, Huyện Gia Lâm, Hà Nội', 'ngocdiep86@gmail.com')
insert into dbo.ThanhVien values ('TV029', N'Huỳnh Thị Minh Anh', 1989, '0498269845', N'Phường 04, Quận 8, Hồ Chí Minh', 'minhanhhuynh@gmail.com')
insert into dbo.ThanhVien values ('TV030', N'Trần Anh Thư', 1998, '0987783196', N'Xã Mai Lâm, Huyện Đông Anh, Hà Nội', 'anhthutran@gmail.com')
 --------------------------Hồ sơ----------------------
insert into dbo.HoSo values ('HS001', 'TV018', 'PDK009', N'Nhân viên bán hàng', N'Duyệt')
insert into dbo.HoSo values ('HS002', 'TV011', 'PDK015', N'Chuyên viên an toàn lao động', N'Duyệt')
insert into dbo.HoSo values ('HS003', 'TV024', 'PDK008', N'Chuyên viên phát triển sản phẩm', N'Chưa duyệt')
insert into dbo.HoSo values ('HS004', 'TV008', 'PDK008', N'Nhân viên hỗ trợ khách hàng', N'Chưa duyệt')
insert into dbo.HoSo values ('HS005', 'TV011', 'PDK009', N'Nhân viên bán hàng', N'Chưa duyệt')
insert into dbo.HoSo values ('HS006', 'TV024', 'PDK004', N'Nhân viên kinh doanh', N'Duyệt')
insert into dbo.HoSo values ('HS007', 'TV029', 'PDK013', N'Giao dịch viên', N'Chưa duyệt')
insert into dbo.HoSo values ('HS008', 'TV014', 'PDK017', N'Kỹ sư điều hành nhà máy', N'Duyệt')
insert into dbo.HoSo values ('HS009', 'TV018', 'PDK017', N'Kỹ sư điều hành nhà máy', N'Đạt')
insert into dbo.HoSo values ('HS010', 'TV012', 'PDK024', N'Kế toán viên', N'Chưa duyệt')
insert into dbo.HoSo values ('HS011', 'TV028', 'PDK021', N'Chuyên viên tín dụng', N'Chưa duyệt')
insert into dbo.HoSo values ('HS012', 'TV008', 'PDK017', N'Kỹ sư điều hành nhà máy', N'Chưa duyệt')
insert into dbo.HoSo values ('HS013', 'TV005', 'PDK014', N'Kỹ sư hóa dầu', N'Chưa duyệt')
insert into dbo.HoSo values ('HS014', 'TV001', 'PDK014', N'Kỹ sư hóa dầu', N'Duyệt')
insert into dbo.HoSo values ('HS015', 'TV014', 'PDK019', N'Nhân viên phát triển kinh doanh', N'Không đạt')
insert into dbo.HoSo values ('HS016', 'TV005', 'PDK008', N'Nhân viên hỗ trợ khách hàng', N'Chưa duyệt')
insert into dbo.HoSo values ('HS017', 'TV014', 'PDK013', N'Giao dịch viên', N'Đạt')
insert into dbo.HoSo values ('HS018', 'TV008', 'PDK001', N'Kỹ sư cơ khí', N'Duyệt')
insert into dbo.HoSo values ('HS019', 'TV011', 'PDK013', N' Chuyên viên tín dụng', N'Không đạt')
insert into dbo.HoSo values ('HS020', 'TV018', 'PDK005', N'Nhân viên chăm sóc khách hàng', N'Chưa duyệt')
insert into dbo.HoSo values ('HS021', 'TV012', 'PDK017', N'Chuyên viên kỹ thuật phân tích dầu', N'Đạt')
insert into dbo.HoSo values ('HS022', 'TV028', 'PDK008', N'Chuyên viên phát triển sản phẩm', N'Đạt')
insert into dbo.HoSo values ('HS023', 'TV019', 'PDK005', N'Nhân viên chăm sóc khách hàng', N'Đạt')
insert into dbo.HoSo values ('HS024', 'TV028', 'PDK005', N'Nhân viên chăm sóc khách hàng', N'Duyệt')
insert into dbo.HoSo values ('HS025', 'TV020', 'PDK017', N'Chuyên viên kỹ thuật phân tích dầu', N'Duyệt')
insert into dbo.HoSo values ('HS026', 'TV028', 'PDK019', N'Nhân viên phát triển kinh doanh', N'Duyệt')
insert into dbo.HoSo values ('HS027', 'TV030', 'PDK017', N'Chuyên viên kỹ thuật phân tích dầu', N'Duyệt')
insert into dbo.HoSo values ('HS028', 'TV009', 'PDK019', N'Nhân viên phát triển kinh doanh', N'Chưa duyệt')
insert into dbo.HoSo values ('HS029', 'TV012', 'PDK019', N'Kế toán viên', N'Chưa duyệt')
insert into dbo.HoSo values ('HS030', 'TV029', 'PDK006', N'Chuyên viên phân tích thị trường', N'Duyệt')
 --------------------------Chi tiết bằng cấp----------------------
insert into dbo.ChiTietBangCap values ('HS029', N'Bằng Cử nhân Kế toán kiểm toán')
insert into dbo.ChiTietBangCap values ('HS023', N'Bằng Cử nhân Quản trị kinh doanh')
insert into dbo.ChiTietBangCap values ('HS016', N'Bằng Cử nhân Quản trị kinh doanh')
insert into dbo.ChiTietBangCap values ('HS001', N'Bằng Cử nhân Quản trị kinh doanh')
insert into dbo.ChiTietBangCap values ('HS003', N'Bằng Cử nhân Marketing')
insert into dbo.ChiTietBangCap values ('HS020', N'Bằng Cử nhân Marketing')
insert into dbo.ChiTietBangCap values ('HS028', N'Bằng Cử nhân Quản trị kinh doanh')
insert into dbo.ChiTietBangCap values ('HS018', N'Bằng Cử nhân Kỹ thuật cơ khí')
insert into dbo.ChiTietBangCap values ('HS020', N'Bằng Cử nhân Quản trị kinh doanh')
